roofType,buildingGroup1,buildingGroup2,contentsGroup1,contentsGroup2,abcGroup1,abcGroup2
Concrete,0.920,0.920,1.000,1.000,0.920,0.920
Slate,0.900,0.900,1.000,1.000,0.900,0.900
Wood,1.100,1.100,1.000,1.000,1.100,1.100
Glass,1.000,1.000,1.000,1.000,1.000,1.000
Metal,0.940,0.940,1.000,1.000,0.940,0.940
Asphalt,1.000,1.000,1.000,1.000,1.000,1.000
Other,1.050,1.050,1.000,1.000,1.050,1.050
Gravel,1.000,1.000,1.000,1.000,1.000,1.000
